generation,track_length,average_distance,proportion_completed_track,average_proportion_of_track_completed
0,41.51498888223576,14.734180037180582,0.2,0.3549122963510013
1,40.13841522369394,13.768631839752198,0,0.34302878584066504
2,40.3321734040972,10.069132693608601,0,0.24965509774848174
3,37.79917891487607,10.394741582870484,0.06666666666666667,0.27499913705214313
4,39.509740282619035,5.869355034828186,0,0.1485546347013121
5,39.86353854205281,8.765900135040283,0.13333333333333333,0.21989769236850282
6,39.81122839441693,9.957835483551026,0,0.2501263056968998
7,40.425545193332226,15.010732205708821,0.06666666666666667,0.37131799049143527
8,39.452376152177635,15.193206707636515,0.2,0.3851024498253929
9,39.565746222916175,11.345137627919515,0,0.2867414041428719
10,40.02528458849548,13.55530735651652,0.06666666666666667,0.3386686065041181
11,38.26274004833144,11.479705246289571,0.2,0.30002308333875266
12,40.54348062346156,13.65394847393036,0,0.33677297222550595
13,39.9799386401474,20.72710251013438,0.4,0.5184375768231034
14,38.76550488982413,13.215395212173462,0.26666666666666666,0.34090605164909066
15,38.44660122061731,11.836411547660827,0.2,0.30786626572633036
16,40.0555179079753,16.077357014020283,0,0.40137683529537344
17,39.97604361468794,14.109898487726847,0.06666666666666667,0.3529588526500058
18,39.84419045842347,13.273071424166362,0.13333333333333333,0.33312438454525806
19,40.72594110302001,12.83350514570872,0.06666666666666667,0.3151186884360803
20,41.06016555976557,14.270535572369893,0.13333333333333333,0.3475518273689924
21,38.91172869515259,10.848666286468506,0.2,0.27880196152323533
22,39.292125678075315,14.120209582646687,0.26666666666666666,0.35936486863386086
23,40.87299323752535,15.836891237894694,0.26666666666666666,0.3874659031175358
24,39.48486145887512,12.72930876413981,0.13333333333333333,0.32238453660013056
25,40.811319526558975,16.354126532872517,0.13333333333333333,0.4007252576636162
26,38.28816899996095,16.152559582392374,0.26666666666666666,0.421868164612647
27,39.14368936635601,11.620041712125142,0.06666666666666667,0.29685606799528114
28,40.54103968809983,18.344826030731202,0.13333333333333333,0.45250013743766987
29,38.870109731769645,15.936334840456645,0.2,0.4099894482014139
30,37.859275312654844,10.093430709838866,0,0.26660390687576196
31,38.33400463572064,15.321199305852254,0.13333333333333333,0.399676460924084
32,39.72584181859042,9.558384211858113,0.2,0.24060872656913962
33,40.3777170100034,11.519227520624797,0.13333333333333333,0.2852867465927051
34,39.60167568430354,16.570357259114584,0.06666666666666667,0.41842565933851095
35,39.68512155327103,10.720334513982136,0.06666666666666667,0.2701348539298733
36,40.42271384811925,10.986333179473878,0.2,0.27178613540775515
37,40.466593987770274,10.742060001691183,0,0.2654550072817501
38,38.92120127369513,14.173938020070393,0.06666666666666667,0.36417010668295685
39,40.209427420061694,15.107838694254557,0.2,0.3757287696844149
40,39.82405687411155,9.81157001654307,0,0.24637294104813526
41,38.849788965978874,13.02960623105367,0.06666666666666667,0.33538422158390147
42,39.80214595628852,22.194469213485718,0.26666666666666666,0.5576199142091511
43,38.00708972511722,22.42023936112722,0.13333333333333333,0.5898962410244915
44,38.79696661599262,9.43308556874593,0,0.243139770748404
45,39.20637468769121,14.13657415707906,0.13333333333333333,0.3605682563023921
46,40.50676979719748,8.87539291381836,0.06666666666666667,0.21910887879369775
47,40.287822135632396,12.208973081906636,0.13333333333333333,0.3030437594964574
48,40.36305913528433,15.693667403856914,0.06666666666666667,0.3888126356145766
49,40.05233180825652,9.777629121144612,0,0.24412134524285098
50,39.938591091415766,7.638794620831807,0,0.19126349758676534
51,39.78340908170779,9.391501863797506,0,0.2360657892466956
52,39.920951588167426,15.337940796216328,0,0.3842077953062245
53,40.513770385015356,17.114786843458813,0.3333333333333333,0.42244369459597325
54,39.09782838816208,13.016705735524495,0,0.3329265658004078
55,38.77474179175265,10.50552294254303,0.06666666666666667,0.27093727661592176
56,39.44541247015366,13.980424960454306,0.2,0.35442461074611864
57,39.26372167454488,10.606743303934733,0.2,0.2701410577390886
58,39.689668921341806,16.536232407887777,0.26666666666666666,0.4166382047847208
59,39.50289792310569,14.438373136520386,0.3333333333333333,0.3655016187578284
60,41.00473703625463,12.994929011662801,0.13333333333333333,0.31691287277792424
61,39.811120465800414,11.521776668230693,0.06666666666666667,0.28941101213487397
62,38.428414222503406,15.01821886698405,0.06666666666666667,0.39081026815281616
63,40.08616135279678,14.311673442522684,0.06666666666666667,0.3570227968840965
64,39.50102119203964,13.84501345952352,0.2,0.35049760845964173
65,40.27787236412584,16.04020523230235,0.26666666666666666,0.3982386429772995
66,38.9370260951647,11.443068846066792,0,0.2938865648881136
67,40.27073761780101,10.153571025530498,0.13333333333333333,0.2521327302691938
68,39.59562108640917,18.10914107163747,0.26666666666666666,0.45735211558162087
69,40.130295610289124,6.603675365447998,0.06666666666666667,0.16455586147625742
70,38.40853620691987,18.31337693532308,0.3333333333333333,0.47680486537322536
71,40.23833001409225,13.738831655184429,0.06666666666666667,0.34143642766419036
72,38.93346139476013,15.00431555112203,0.26666666666666666,0.38538354961527743
73,40.15124584114151,11.817582790056864,0.2,0.29432667760330916
74,39.88092698374848,7.002337686220804,0,0.1755811164839339
75,39.442833564716,11.01026652654012,0.13333333333333333,0.2791449176306002
76,39.73253076836864,14.40544141928355,0.26666666666666666,0.3625603791327541
77,40.70972865745893,20.352349877357483,0.4666666666666667,0.4999382346319933
78,40.0153561828909,11.402157346407572,0.06666666666666667,0.2849445421476148
79,40.33803788502697,14.092401226361593,0.13333333333333333,0.3493576278183956
80,38.88940280219577,14.780179111162822,0.13333333333333333,0.3800567261559569
81,38.27959810224077,12.281925098101299,0,0.32084780684733344
82,40.210859246202865,17.033202346165975,0.2,0.4235970746577476
83,40.908731211334796,12.906702351570129,0.13333333333333333,0.3154999426624603
84,40.27128108349842,14.584949692090353,0.13333333333333333,0.36216751242280915
85,39.9439041484581,16.290747690200806,0,0.40784064646393997
86,39.097836243661575,18.48541114330292,0.2,0.47279882774330556
87,36.894736994496135,14.031576546033223,0,0.3803137707182035
88,40.185057769219036,11.910481365521749,0.06666666666666667,0.2963907986377201
89,39.44630814290202,18.423913304011027,0.2,0.46706305789801095
90,40.545715860751066,14.581797488530476,0.2,0.35963842736455176
91,39.901650171195705,14.034254837036134,0.2,0.3517211638321468
92,39.46203318134074,16.612024203936258,0.3333333333333333,0.4209621974518814
93,39.739779971504746,8.748405051231384,0.13333333333333333,0.22014226192254696
94,40.272473667875985,22.33244421482086,0.5333333333333333,0.5545337095256383
95,39.59043259506056,18.52887279987335,0.26666666666666666,0.46801390096922246
96,40.084152103563056,8.103886524836222,0.06666666666666667,0.2021718334941622
97,39.36452116226154,13.678098678588867,0.13333333333333333,0.34747275655170307
98,39.20658378795735,14.245538234710693,0,0.3633455623615526
99,38.94210470237626,13.194467624028524,0.06666666666666667,0.33882266315265164
100,38.86452177983921,15.132742635409038,0.2,0.3893716413425439
101,39.284044413163926,13.810745946566264,0.13333333333333333,0.3515612038647003
102,40.08591156213583,17.162739380200705,0.4,0.4281489109608327
103,38.11673865773901,15.345184501012167,0.3333333333333333,0.4025838789304857
104,39.197827907118345,15.043742696444193,0.06666666666666667,0.38379021235797206
105,39.107234679477116,11.398573939005534,0.13333333333333333,0.2914696994668184
106,40.301915846224794,19.344992915789287,0.3333333333333333,0.48000181901033356
107,40.98899985763449,20.879720560709636,0.4,0.509398146654721
108,39.09005479074548,19.073519984881084,0.06666666666666667,0.4879379189152919
109,38.87264892566329,13.085139401753743,0.13333333333333333,0.3366155835373256
110,39.764604131920166,22.59615587393443,0.2,0.5682479774970489
111,39.653021982171566,17.515581091245014,0.3333333333333333,0.4417212160808377
112,39.91637230697858,26.037154245376588,0.6,0.652292599265703
113,40.64970092326277,18.072327049573264,0.13333333333333333,0.44458696224332955
114,38.81792641882435,16.385807514190674,0.2,0.42211959849160174
115,39.93339454687195,10.67605112393697,0.2,0.2673464463785046
116,38.96696766914935,15.869069679578145,0,0.40724415136212644
117,39.9741426869093,22.065930167833965,0.4,0.5520050884058133
118,39.627237264359195,14.7574453830719,0.2,0.372406617312804
119,40.51310914952259,18.84062699476878,0.26666666666666666,0.46505013785126387
120,39.40225077290245,10.548319315910339,0,0.2677085473290928
121,39.57114116672305,19.40241734981537,0.3333333333333333,0.4903173569867031
122,39.42265935358575,14.462499515215557,0.13333333333333333,0.36685753199701626
123,40.57595389582675,15.27913139661153,0.13333333333333333,0.376556308099093
124,39.146252079207365,6.614025052388509,0,0.1689567889923635
125,40.855671054199135,16.76256393591563,0.26666666666666666,0.41028732372743093
126,40.1810355528334,14.306714606285095,0.26666666666666666,0.35605639350617097
127,40.99299009310602,16.39518650372823,0.3333333333333333,0.3999509786061076
128,40.20973274374997,19.668272948265077,0.4666666666666667,0.48914209586041657
129,38.53252336677475,14.20181425412496,0.13333333333333333,0.36856694068394935
130,40.66929587397631,16.789581847190856,0.26666666666666666,0.41283187934252547
131,40.49163052003889,14.330978790918985,0.06666666666666667,0.35392446801634064
132,39.810518765122765,18.251404571533204,0.06666666666666667,0.4584568384856846
133,39.67476788136832,18.91187661488851,0.4,0.476672646742055
134,40.43857162643633,18.873907979329427,0.3333333333333333,0.4667303324579049
135,38.75855497610833,19.32080488204956,0.2,0.4984913625897393
136,38.82213214744435,13.833328262964885,0,0.35632582492962145
137,40.77107493581521,19.97950239976247,0.4666666666666667,0.49004109975554133
138,39.487010578941785,19.99886131286621,0.4666666666666667,0.5064668360468771
139,39.12930866626886,14.778135561943055,0.06666666666666667,0.37767433327240046
140,37.764618800771046,16.72748795350393,0,0.4429407335408454
141,39.71826684197457,24.097760486602784,0.4,0.6067173218428576
142,40.13805336802422,15.168323667844136,0.2,0.3779038193199451
143,39.858938981525036,19.730675307909646,0.3333333333333333,0.49501255708424613
144,40.15621143106292,10.371274463335673,0.06666666666666667,0.2582732308086453
145,38.766424466265846,17.492489711443582,0,0.4512278331643758
146,38.228495099955104,17.043493477503457,0,0.4458321844200316
147,39.67414862864817,17.934205595652262,0.06666666666666667,0.45203756641427245
148,38.89590032105027,25.22041351000468,0.4666666666666667,0.6484080147736165
149,37.54859059113486,21.64439698855082,0.06666666666666667,0.5764370019699492
150,40.882246012879904,24.02258292833964,0.5333333333333333,0.587604284773673
151,41.01137413867355,26.59605531692505,0.4,0.6485043692268063
152,41.0391284807917,17.507582529385886,0.4,0.4266070742116339
153,37.09889097141449,15.506299940745036,0.3333333333333333,0.41797206155550526
154,40.88596529557513,20.736232097943624,0.4666666666666667,0.5071723743841213
155,37.87463937955662,23.84568744500478,0.4666666666666667,0.6295951020427625
156,40.36775922350922,9.824965198834738,0,0.24338643976832167
157,40.0207389173895,20.41036041577657,0.13333333333333333,0.5099945920015989
158,38.03139744312624,22.816816425323488,0.4,0.5999468323362223
159,40.29288305613608,23.98101298014323,0.26666666666666666,0.595167462867645
160,38.33452992418408,13.053144288063049,0,0.3405061784735286
161,40.146256528898796,19.91135504245758,0.2,0.4959704033207836
162,39.76270321905899,18.50340785185496,0,0.46534582294158355
163,41.05712685063336,13.806720527013143,0.26666666666666666,0.336280728489411
164,40.6785979267071,13.695242357254028,0.06666666666666667,0.3366694786759738
165,39.037390381548576,23.143738452593485,0.5333333333333333,0.5928607990029121
166,40.28817466631035,21.937190588315328,0.4,0.5445069370854266
167,37.96700702391641,12.879653255144754,0.06666666666666667,0.3392327777386172
168,39.40945670746093,24.234557477633157,0.13333333333333333,0.6149426940220952
169,39.99554477723616,10.273209238052369,0,0.25685884003508963
170,38.864377058885616,13.870917876561483,0.13333333333333333,0.35690570456191467
171,39.99205971273884,25.80846552848816,0.6,0.645339742785673
172,40.028510832136035,26.665052151679994,0.2,0.6661514904589587
173,40.24561834895159,21.276079352696737,0.3333333333333333,0.5286557947307818
174,41.5279118679422,18.854805032412212,0.4,0.4540272839234021
175,40.50739116063222,21.280939300855,0.4666666666666667,0.5253594144452639
176,40.63204440877641,27.809818744659424,0.6666666666666666,0.6844307036308658
177,39.80245038851325,12.246142975489299,0,0.30767309188138486
178,39.12207263304433,29.783719849586486,0.7333333333333333,0.761302197073009
179,40.17926847647812,26.21267476081848,0.6,0.6523930314003599
180,39.63128096500744,20.85581033229828,0.2,0.5262461829258807
181,40.10314246516558,26.226199944814045,0.5333333333333333,0.6539687000238115
182,41.005743662104315,25.1208118836085,0.3333333333333333,0.6126169077827026
183,40.873636637440306,26.945488588015237,0.4666666666666667,0.6592388347293066
184,40.382404283995285,18.52336889108022,0.3333333333333333,0.4586990106089738
185,39.44628877700164,18.787613940238952,0.4,0.47628343559642267
186,39.083615110289415,22.80623378753662,0.3333333333333333,0.5835241628283382
187,39.203529870123425,23.52120422522227,0.06666666666666667,0.5999766935055386
188,38.548231438601725,19.039802114168804,0.06666666666666667,0.49392154720495374
189,40.58230154816719,25.713472239176433,0.4666666666666667,0.6336129607793949
190,40.48721779894917,24.21367560227712,0.5333333333333333,0.5980572861913367
191,40.424087546598315,24.07117420832316,0.4,0.5954661111540351
192,39.901346803291545,21.952190216382345,0.06666666666666667,0.5501616355107959
193,40.67162380085004,28.290548197428386,0.6,0.6955844284937822
194,39.58178439418872,13.250680406888327,0,0.33476713113605233
195,39.129893392556525,23.470945342381796,0.06666666666666667,0.5998213464810143
196,40.58266642818739,26.86954034169515,0.4,0.6620940097477787
197,40.92272391678764,24.79856333732605,0.26666666666666666,0.6059851584599184
198,38.95004546000321,24.948237737019856,0.3333333333333333,0.6405188348916961
199,38.730087243862606,19.8065509557724,0.06666666666666667,0.511399595644109
200,40.06278910459902,28.641406003634135,0.6,0.7149129315199434
201,40.10285431242875,14.388815180460613,0,0.35879778203221824
202,40.56570418055543,18.908697605133057,0,0.46612521555084113
203,39.83029778031484,17.508120012283324,0.26666666666666666,0.43956789147924197
204,40.07541020180893,17.33026911417643,0.3333333333333333,0.4324414654000017
205,39.89035382383161,28.32134059270223,0.5333333333333333,0.7099796787408357
206,39.866834783493125,15.636762770016988,0,0.3922248368834988
207,37.407366267744884,27.854747994740805,0.5333333333333333,0.744632696014181
208,39.380031588878516,18.928837076822916,0.3333333333333333,0.4806709470027111
209,41.230706772621524,23.84706962108612,0.5333333333333333,0.5783812960713378
210,38.63130727838382,22.369042738278708,0.5333333333333333,0.5790392382293343
211,40.682495122690945,28.39395905335744,0.6666666666666666,0.6979404524655253
212,38.6518395409301,20.094578393300374,0.13333333333333333,0.5198867280824075
213,40.3754115166363,21.98394730091095,0.3333333333333333,0.5444885011723701
214,39.57244833349729,14.445977505048116,0.06666666666666667,0.3650513959435733
215,38.69528726574627,20.549759173393248,0.3333333333333333,0.5310662001877485
216,40.81137458688069,19.854558269182842,0.2,0.48649570052867885
217,40.84164282436834,25.14276402791341,0.4666666666666667,0.6156158834265079
218,40.36757550435483,27.478843410809834,0.4666666666666667,0.6807157246252115
219,39.72836029440211,20.955585583051047,0.06666666666666667,0.5274716959814668
220,40.150079539313005,24.99390811920166,0.6,0.6225120449569431
221,40.06276577324866,25.124803511301675,0.4666666666666667,0.6271360208505227
222,40.221005171678925,22.831920472780862,0.26666666666666666,0.5676616080410056
223,39.51223811921972,33.16508448123932,0.4,0.83936233582038
224,40.07187337707951,20.80123956998189,0.13333333333333333,0.5190982556328368
225,40.04372834433934,21.29225628376007,0.4,0.5317251206147987
226,40.461589171768324,31.589218219121296,0.6,0.7807211448126304
227,40.331740422050125,23.69781391620636,0.3333333333333333,0.58757231074636
228,39.75648923149274,22.116736245155334,0.2,0.5563050629640547
229,39.6131626403703,26.38016273975372,0.4666666666666667,0.6659443725624005
230,39.20413770950123,23.5202844619751,0.4,0.5999439303131233
231,40.05876446915898,27.393429080645245,0.4666666666666667,0.6838311027224839
232,40.58545946021962,29.737897102038065,0.6666666666666666,0.7327229381543916
233,40.39483688299874,25.417097806930542,0,0.6292164981517233
234,40.33157285178263,28.95225398540497,0.4666666666666667,0.7178558121649178
235,38.674514571017895,22.900552320480347,0.2,0.5921354818411007
236,38.67347448591192,29.280163629849753,0.7333333333333333,0.7571123106747498
237,39.64814722334794,16.334341088930767,0.26666666666666666,0.41198245650459614
238,40.484853707870066,22.446795892715453,0.13333333333333333,0.554449228214746
239,39.52453180922666,21.38608345190684,0.4666666666666667,0.5410837895596385
240,40.297102010133905,27.50658017794291,0.4666666666666667,0.6825944995008714
241,38.82039711695318,22.02532878716787,0.13333333333333333,0.5673648499991575
242,39.467574616418766,24.780765199661253,0.5333333333333333,0.6278765655225313
243,39.27273535724734,22.545926133791607,0.26666666666666666,0.5740859639314889
244,38.70598358948938,30.304413024584452,0.4666666666666667,0.7829387142305725
245,39.72667020260209,28.88006455898285,0.4666666666666667,0.7269691723896661
246,39.704277746928845,26.989550709724426,0.13333333333333333,0.679764303528027
247,38.39626310297605,20.51739906469981,0.06666666666666667,0.5343592684963535
248,40.466873932746985,24.34378230571747,0.5333333333333333,0.6015730878094283
249,40.023342396641446,20.00476482709249,0,0.4998274414175661
250,39.43207449691658,16.38506888548533,0.06666666666666667,0.4155264234643951
251,40.33018930973442,16.279719026883445,0.06666666666666667,0.40366086312801014
252,39.676463609084074,28.61892728805542,0.6,0.721307412122864
253,40.59721397117588,30.59901684919993,0.7333333333333333,0.753722087208381
254,38.726789115319384,25.772180835405987,0.5333333333333333,0.6654871582217265
255,38.288413712360416,19.30624978542328,0.2,0.5042321661706962
256,40.35411006891222,27.035795776049294,0.6666666666666666,0.6699638705916349
257,39.89679568738976,21.886116790771485,0.26666666666666666,0.5485682850888464
258,40.362258668576025,29.72975265979767,0.6666666666666666,0.7365730670306546
259,39.76491822115637,25.93828464349111,0.26666666666666666,0.6522906572882377
260,38.85683561523542,16.528500016530355,0.26666666666666666,0.42536917262633905
261,40.839763415465725,23.05201337337494,0.4,0.5644502182558019
262,40.57071849136334,28.394161001841226,0.26666666666666666,0.6998683301082221
263,40.102102906189984,17.39406541188558,0,0.43374447102126185
264,40.168863631304625,18.516710217793783,0.2,0.4609717214744217
265,40.26204804389553,28.107995096842448,0.6,0.6981263115626364
266,40.47571767326524,27.21994228363037,0.5333333333333333,0.6725005472011559
267,39.317295882259245,14.706430713335672,0,0.3740448162400586
268,38.60155598493997,13.26646724541982,0,0.34367700749150126
269,38.26495865416892,24.896447070439656,0.5333333333333333,0.6506330581838279
270,40.814860720518354,18.491559966405234,0.4,0.4530594896066667
271,40.139608281579676,22.46277547677358,0.3333333333333333,0.5596162104821011
272,39.841621977823344,15.898682459195454,0.26666666666666666,0.39904706861696
273,39.74787928184272,25.343080099423727,0.4666666666666667,0.6375957801351362
274,39.18625767925035,20.713008983929953,0.06666666666666667,0.5285783897373229
275,39.996430143300856,27.302907578150432,0.6,0.6826336120580875
276,40.508625194070376,27.26023397445679,0.6,0.6729488804879787
277,38.75176601288533,25.770160428682964,0.5333333333333333,0.6650060908221355
278,40.02652269888872,25.650032750765483,0.06666666666666667,0.6408259079542181
279,40.40583245613123,17.034788505236307,0.06666666666666667,0.4215923164986402
280,39.15731113840433,19.191480716069538,0.13333333333333333,0.490112322785287
281,40.35468579433545,26.33026112715403,0.4,0.6524709735405742
282,39.509704853529804,27.332316478093464,0.5333333333333333,0.6917874122173198
283,40.77632294761683,32.50736890633901,0.6666666666666666,0.7972118758255738
284,38.86876321624408,31.11262903213501,0.6,0.8004532806727532
285,38.19893102191739,28.936916534105936,0.6666666666666666,0.7575321026000128
286,39.47689867019819,19.06878273487091,0.2,0.48303649418302136
287,38.90893915037764,26.668088499704997,0.2,0.6853974711733091
288,39.44524554568979,26.30598498980204,0.6,0.6668987510632068
289,38.71055902952672,23.61782326698303,0.4666666666666667,0.6101132057785161
290,40.704252244159065,28.83237857023875,0.5333333333333333,0.7083382443016407
291,39.90714618999948,25.91291935443878,0.5333333333333333,0.6493303036770999
292,39.00037658327069,24.52584335009257,0.13333333333333333,0.6288617059306291
293,39.81426690031335,31.373699498176574,0.6,0.7880014361869276
294,38.978501693888745,19.234338649113973,0.3333333333333333,0.49346018480052645
295,41.03177300991153,32.33114870389303,0.7333333333333333,0.7879539764485244
296,41.10376939038921,28.61925875345866,0.6,0.6962684731330346
297,38.173383654793184,25.228543186187743,0.06666666666666667,0.6608935538524093
298,39.440514580124514,19.698936978975933,0.4,0.49945943121398656
299,41.413221120810846,23.245148706436158,0.2,0.5612977710336827
300,38.0797776834908,26.613941470781963,0.6666666666666666,0.6988996020930089
301,39.76101987923026,22.453156169255575,0.4666666666666667,0.5647027223510507
302,38.50604782759038,23.08539249897003,0.13333333333333333,0.5995264069253264
303,37.343386744776026,19.78799939950307,0.3333333333333333,0.5298930044761196
304,41.11045002524302,21.395430056254067,0.4666666666666667,0.5204377486287951
305,38.920248985482225,22.89496656258901,0.2,0.5882533426527959
306,38.42344809193424,24.36406567891439,0.5333333333333333,0.6340936820823438
307,39.30756939874326,21.841867343584696,0.13333333333333333,0.5556656816405194
308,38.77923904289567,16.52221717039744,0.3333333333333333,0.4260583131123688
309,40.57243479092872,24.46780254046122,0.4666666666666667,0.6030646833630944
310,38.52069041193056,23.813001759847005,0.4,0.6181873041525674
311,39.35857091286621,26.86525297164917,0.4,0.6825769419099257
312,40.65294469528109,17.488434092203775,0.13333333333333333,0.4301886179043211
313,37.472102704741715,22.435225129127502,0,0.5987180731731009
314,39.00172535131114,25.456030583381654,0,0.6526898580533153
315,39.290846827755985,17.240450302759807,0,0.4387904994346099
316,39.144344080661455,22.982594259579976,0.4,0.5871242653145925
317,39.92979363290274,31.65626234213511,0.6,0.7927980453184683
318,38.815067565058875,25.882401768366496,0.5333333333333333,0.6668132607262469
319,40.680881661091824,19.86530456542969,0.26666666666666666,0.4883204039412289
320,40.05282084090064,30.61409985224406,0.6666666666666666,0.7643431650881862
321,40.266825185687075,26.18328468799591,0.6,0.6502445764535421
322,39.22101228553421,28.038581609725952,0.26666666666666666,0.7148867399342305
323,39.90060602703171,19.83862918217977,0.2,0.4972011996193634
324,39.17645919983946,21.540520962079366,0.3333333333333333,0.5498332774843429
325,39.013565816463654,27.406872208913168,0.2,0.7024959558387128
326,40.36033946519983,23.97178848584493,0.4666666666666667,0.593944173995719
327,38.984083274899746,20.841011428833006,0,0.534603091263446
328,40.729651623045605,19.677381722132363,0.26666666666666666,0.483121778311468
329,40.257307419615074,29.793354749679565,0.6,0.74007321053874
330,39.93367734742471,21.876683775583903,0.4,0.5478254252734055
331,40.59548423477787,26.146127740542095,0.6,0.6440649307033733
332,40.196301969341164,19.86843453248342,0.2,0.4942851346782504
333,40.24142307391607,25.214861385027568,0.26666666666666666,0.6265897043132028
334,40.84799446258312,27.18350064754486,0.5333333333333333,0.665479444099637
335,40.58904827307611,29.242458017667136,0.6666666666666666,0.7204519263651842
336,39.487421087341005,24.740337260564168,0.4,0.626537175113102
337,39.818506738013674,27.19959650039673,0.4,0.6830893152110598
338,40.51345280504098,25.818203051884968,0.3333333333333333,0.6372748127918754
339,40.82345241164109,28.441020679473876,0.13333333333333333,0.6966833768170896
340,39.27360524767277,26.684774160385132,0.6666666666666666,0.6794582262591333
341,40.234984815288485,21.844951860109965,0.4,0.5429342638103675
342,41.38859604184429,26.66684219837189,0.5333333333333333,0.6443041018209809
343,38.721729593264016,30.899907128016153,0.6,0.7979991455079904
344,39.362178279690156,23.4609180132548,0.06666666666666667,0.5960269232701487
345,39.089822600218234,22.391805148124696,0.26666666666666666,0.5728295412627349
346,39.852858641266074,14.556426326433817,0.06666666666666667,0.3652542583572965
347,38.46787023284916,17.795795830090842,0.26666666666666666,0.46261453317720574
348,39.978977723808846,32.504936679204306,0.7333333333333333,0.8130507214006752
349,40.03656359693886,19.286719051996865,0.2,0.481727633923894
350,40.350829970158614,24.362939731280008,0.13333333333333333,0.6037779086402331
351,38.965245603501145,19.46797556877136,0.2,0.49962409494018706
352,41.0405456071645,26.400518973668415,0.5333333333333333,0.6432789472725636
353,39.575832914418946,30.914056714375814,0.6,0.7811347086800712
354,40.16048330376896,23.365145874023437,0.06666666666666667,0.5817944395064258
355,39.781008986782474,30.82643554210663,0.4666666666666667,0.7749033100781565
356,39.10553450358038,22.86517260869344,0.06666666666666667,0.5847042598688934
357,39.61693961834322,16.90911529858907,0.13333333333333333,0.4268152830957166
358,39.79990245153387,27.1048526207606,0.5333333333333333,0.6810281169348945
359,38.75503133385623,29.967003472646077,0.5333333333333333,0.7732416267321407
360,39.31896665576356,25.038356391588845,0.3333333333333333,0.6368009772687809
361,40.58966501947761,24.625077279408774,0.4666666666666667,0.6066834320409403
362,38.6473059076121,22.736612176895143,0.13333333333333333,0.5883104046436745
363,39.74637600488881,21.389821195602416,0.13333333333333333,0.538157772999769
364,40.330708956418015,24.946293799082436,0.5333333333333333,0.6185433989280918
365,39.172029574779955,34.22235136032104,0.6666666666666666,0.8736425386126622
366,40.86587898070601,26.10325377782186,0.6,0.6387542475263037
367,39.19193476059629,24.843051552772522,0.3333333333333333,0.6338817336915404
368,41.478761015074,20.769408845901488,0.4,0.5007239449209578
369,40.844707985727744,20.565263867378235,0.13333333333333333,0.5034988590092088
370,41.49227651648199,23.798788634936013,0.5333333333333333,0.5735715326557803
371,40.87092368504268,26.45585438410441,0.6,0.6473025808757613
372,40.115397871422076,25.165644391377768,0.4666666666666667,0.6273312923889904
373,40.30323357109277,21.849818976720176,0.26666666666666666,0.5421356313303808
374,40.28674994706595,29.22563818295797,0.6666666666666666,0.7254404542773609
375,38.74282441686549,25.084884428977965,0.6,0.6474717526804277
376,40.263556238371855,23.376766792933147,0.4666666666666667,0.580593692582343
377,38.66188825972396,26.937301270167033,0.6666666666666666,0.6967404460228855
378,40.02318534895083,32.55297714869182,0.7333333333333333,0.8133529818996568
379,38.719400384329276,25.94992210070292,0.5333333333333333,0.6702046478799685
380,39.97287492839078,20.211506144205728,0.2,0.5056305352170325
381,40.63743651442795,25.044984698295593,0.26666666666666666,0.616303262372458
382,39.53557033479457,22.34390110174815,0.26666666666666666,0.5651594478727848
383,39.95218206005988,28.879352823893228,0.4666666666666667,0.7228479480915226
384,37.89485839611116,25.26243602434794,0.4,0.6666454789270414
385,40.90878031960008,19.461265651384988,0.06666666666666667,0.47572343881542634
386,39.73310452577974,24.42671689192454,0.4666666666666667,0.6147699049309356
387,39.576487302224166,26.793022950490315,0.4,0.6769934568949116
388,38.83356295676313,18.45142687956492,0.06666666666666667,0.47514123028341587
389,40.433227557385024,28.770271507898965,0.2,0.7115502087254014
390,39.01039538772107,22.05978749593099,0.4666666666666667,0.5654848477355997
391,40.26974341062005,21.24034441312154,0.4666666666666667,0.5274516948503818
392,40.49486859715449,25.51075998147329,0.3333333333333333,0.6299751268551069
393,40.83476906919799,28.853053132692974,0.6666666666666666,0.7065805388491122
394,40.393970186582926,28.332896439234414,0.6666666666666666,0.7014140058123165
395,39.648976926761605,24.912428458531696,0.4,0.6283246224624959
396,38.56394328256937,28.185326409339904,0.5333333333333333,0.7308725200329675
397,39.28221613840619,24.911267232894897,0.26666666666666666,0.6341614522236481
398,40.05465395308074,25.82552247842153,0.2,0.6447570988548061
399,40.0568099247063,30.571480520566304,0.6666666666666666,0.7632030752830964
400,39.364321533825596,21.066459155082704,0.26666666666666666,0.5351663215376489
401,39.856570025448775,30.42835267384847,0.4666666666666667,0.7634463440888088
402,39.0925759671612,26.590818254152932,0.4666666666666667,0.6802012299340398
403,39.12153123990348,18.602268298467,0.4,0.47549949372873507
404,40.07967906356561,27.239236879348756,0.06666666666666667,0.6796271206699995
405,39.52273792329814,25.687299537658692,0.5333333333333333,0.6499372484646708
406,40.21767001759929,17.296907035509744,0.2,0.4300822754759438
407,40.9364177046428,17.411842250823973,0.06666666666666667,0.42533868929252233
408,40.55509319670216,24.288735111554463,0.5333333333333333,0.5989071457374819
409,41.614274072395204,26.473052581151325,0.6,0.6361531751123878
410,40.333631753293886,20.39489603837331,0.3333333333333333,0.5056548382035481
411,40.369029134145734,26.308752552668253,0.5333333333333333,0.6517063480829481
412,40.09923793123199,25.057435297966002,0.5333333333333333,0.6248855736594829
413,39.696087495593,24.778749187787373,0.6,0.6242113707185444
414,39.71127441938708,28.447639075915017,0.5333333333333333,0.7163617761415094
415,40.331979640657245,22.160448463757835,0.13333333333333333,0.5494510475607468
416,40.39244770782406,35.39673360188802,0.5333333333333333,0.8763205898767962
417,39.93272143531306,32.223109594980876,0.6,0.8069349755482863
418,40.9906533976798,27.738821562131246,0.5333333333333333,0.6767108904807395
419,39.02451200660615,21.786118578910827,0.4,0.5582675466953393
420,39.08568877940133,29.020436453819276,0.6666666666666666,0.7424824113401175
421,40.82083136733066,33.16185701688131,0.8,0.812375836211437
422,39.18458319267219,23.002962334950766,0.2,0.5870411386499701
423,38.04435346779874,32.903981399536136,0.6,0.8648847568769046
424,39.81881636819724,18.841719047228494,0.06666666666666667,0.4731863165645759
425,40.19407163049087,22.782125107447307,0.4,0.5668031175563958
426,39.37260298759871,22.94711606502533,0.13333333333333333,0.5828193800712907
427,39.28866066515396,25.123670212427776,0.26666666666666666,0.6394636464335001
428,40.80351842433326,24.629125046730042,0.5333333333333333,0.6036029734152144
429,40.18657188559729,26.58101881345113,0,0.6614403161613709
430,39.80861047012182,31.06735766728719,0.6666666666666666,0.7804180377158519
431,39.22893215567799,17.715477355321248,0.2,0.45159213829778216
432,40.468901727310836,26.48515265782674,0.13333333333333333,0.6544569169751641
433,38.064277810589026,27.832274866104125,0.6,0.7311914599982643
434,38.630374744204104,21.703191335995992,0.4,0.5618167434229259
435,37.841500237578295,25.48302169640859,0.4666666666666667,0.6734146779704789
436,40.831043081444854,29.865890240669252,0.6,0.7314505823693107
437,40.12447666772803,24.622624309857688,0.3333333333333333,0.6136559615159186
438,40.252530712583976,28.50627508958181,0.6,0.7081859099276462
439,39.473284202342995,25.806993317604064,0.5333333333333333,0.6537837891905699
440,41.78472659049777,29.9571341753006,0.6666666666666666,0.7169398155667992
441,39.86316149547012,21.742331862449646,0.2,0.5454241722629137
442,40.054803092084335,20.914308150609333,0,0.5221423284126052
443,40.00255178411018,29.339201227823892,0.5333333333333333,0.7334332416133016
444,38.089196070008136,25.102806735038758,0.4,0.6590532047171506
445,39.38450854399089,21.501671783129375,0.4,0.5459423661237993
446,40.28342763598208,22.08516368865967,0.4,0.5482444018475899
447,40.36976427283607,28.124192325274148,0.3333333333333333,0.6966647646292624
448,39.536370004079316,27.631262715657552,0.6,0.6988821359372798
449,39.008244214754534,28.103237915039063,0.4666666666666667,0.7204435493256386
450,39.74747679146848,32.543109305699666,0.7333333333333333,0.8187465452570518
451,38.71755989119564,25.482030447324117,0.5333333333333333,0.6581517667676863
452,40.34803205016603,32.397031688690184,0.7333333333333333,0.8029395745599164
453,40.8931682147559,25.78132843176524,0.6,0.6304556373908514
454,39.89897275519234,29.188984696070353,0.4666666666666667,0.7315723358384404
455,39.701728106520214,31.1337376276652,0.7333333333333333,0.7841909940074399
456,39.16357235878179,34.44604357083639,0.3333333333333333,0.8795429399359281
457,39.8868728516863,31.558312718073527,0.6666666666666666,0.7911954601058512
458,41.0849091061085,25.853293760617575,0.5333333333333333,0.6292649618342154
459,40.150016195154365,32.39854342142741,0.6666666666666666,0.8069372441582611
460,41.11308401258335,34.06505009333293,0.3333333333333333,0.8285695639594137
461,39.979656022645095,30.385432211558022,0.3333333333333333,0.7600223522270237
462,37.97511613492369,17.93849557240804,0,0.47237500232187474
463,39.00330631758329,29.95604837735494,0.7333333333333333,0.7680386922441571
464,39.52434201216864,30.03142030239105,0,0.7598208793240648
465,39.98467771923091,24.00847769578298,0.26666666666666666,0.6004419458965886
466,41.76253645620836,33.54751563866933,0.7333333333333333,0.8032921006569324
467,40.21616284981187,31.664498599370322,0.7333333333333333,0.7873575288030853
468,39.569889096314455,30.586777528127033,0.7333333333333333,0.772981128495907
469,38.832096396321894,30.32279005050659,0,0.780869251585879
470,39.218296498012414,17.423324219385783,0.06666666666666667,0.4442651969921437
471,40.31441985167951,31.25185759862264,0.2,0.775202959973159
472,40.672118835784055,20.42872978846232,0.06666666666666667,0.5022784741297707
473,38.85247961929025,29.542121497790017,0.3333333333333333,0.7603664370271584
474,40.70415396126094,20.376629813512167,0,0.5006032021425888
475,40.34911696936152,27.29649310906728,0.4666666666666667,0.6765078187409765
476,39.27163675768239,25.011415719985962,0.4,0.6368824369178651
477,40.40161348442784,23.607352224985757,0.13333333333333333,0.5843170653094049
478,38.45523979594061,21.783443260192872,0.2,0.5664622916352836
479,40.3099919228907,29.526029388109844,0.5333333333333333,0.7324742075014655
480,40.51545553031639,30.338674290974936,0.6666666666666666,0.7488173067256643
481,40.12758828389775,29.63966703414917,0.6,0.7386356444960552
482,38.09429668450497,32.37882269223531,0.6666666666666666,0.8499651000357108
483,39.974104811481766,29.999197260538736,0.4,0.7504657678268273
484,40.34006324440381,30.52731568813324,0.3333333333333333,0.7567493264247213
485,39.931024681491,37.1009469350179,0.8,0.9291258421478747
486,39.45214610706944,34.477302598953244,0.6666666666666666,0.8739018279356734
487,40.5750604858857,26.274362699190775,0,0.6475495633168676
488,40.00612443265893,22.18860967159271,0.2,0.5546303218883927
489,40.53219172069389,35.73959211508433,0.8,0.8817581926327789
490,39.39921809301388,18.546108730634053,0.26666666666666666,0.47072276121953244
491,39.05558844302542,20.749988913536072,0.4666666666666667,0.5312937210972076
492,39.70949314629979,22.55056223074595,0,0.5678884428885553
493,39.98553706351614,21.807836739222207,0.26666666666666666,0.5453931181312118
494,40.53998603866846,25.541488162676494,0.5333333333333333,0.6300319920760241
495,40.01508356264557,29.292662413915,0.06666666666666667,0.7320405158733682
496,38.47708763434076,23.49543693065643,0,0.6106344938042239
497,40.77219952206282,26.02761867046356,0.5333333333333333,0.6383668032522845
498,40.774135154232404,26.94732780456543,0.3333333333333333,0.6608926885299801
499,40.181789240909914,27.636779316266377,0.4666666666666667,0.6877936457874005
500,38.42875667940575,26.67038450241089,0.6,0.694021529889978
501,39.73566866473495,31.845432082811993,0.4666666666666667,0.8014318911178794
502,40.449269393062416,23.991639280319212,0.5333333333333333,0.59312911309182
503,41.26473851225305,29.515176836649577,0.6,0.7152638766361118
504,40.53004485541244,27.38142739137014,0.4666666666666667,0.6755834465283989
505,39.47217697236211,27.577645468711854,0.4666666666666667,0.6986603624122721
506,39.17669733441247,22.809102861086526,0.2,0.5822109675654361
507,38.25511359397664,25.873657075564065,0.3333333333333333,0.6763450593867256
508,38.72335803810745,22.371510314941407,0.3333333333333333,0.5777265053543581
509,40.35024355288912,32.45986095269521,0.6,0.8044526648308434
510,38.21657636716788,19.465366991360984,0.13333333333333333,0.5093435582598083
511,40.770442163891154,28.026618925730386,0.4,0.687424944106996
512,41.861401446253204,29.200744724273683,0.6,0.697557743301193
513,39.4753256216584,33.11418027083079,0.5333333333333333,0.8388576851323674
514,39.69330469353757,30.530233303705852,0.6666666666666666,0.7691532246917312
515,40.166426357968284,24.2397042910258,0.13333333333333333,0.6034817256332062
516,38.97006902651767,24.88952792485555,0.4,0.6386831880620781
517,38.382428164250996,25.552063528696696,0.5333333333333333,0.6657229558106912
518,41.865668652287866,29.597167650858562,0.4666666666666667,0.7069555701277721
519,41.03738803972022,36.89261795679728,0.8666666666666667,0.8990001488664141
520,40.205501478473934,24.49252620538076,0.2,0.6091834526300856
521,40.387021790819304,35.56860911051432,0.8,0.8806940332153858
522,39.42755219982662,28.460431639353434,0.4,0.721841201176029
523,40.29037626193918,26.397059440612793,0.5333333333333333,0.6551703381720243
524,38.83219135599722,25.796105074882508,0.3333333333333333,0.6642969189761827
525,40.41180731197245,32.22352755864461,0.26666666666666666,0.797379026131752
526,38.34622453505964,26.466279157002766,0.06666666666666667,0.6901925672709933
527,40.73042876826844,14.182363327344259,0,0.34820068818900357
528,40.14519305405331,31.94112095832825,0.6666666666666666,0.7956399889601048
529,39.02915655438559,23.263145939509073,0.5333333333333333,0.5960453156883572
530,38.319984641474306,31.16123323440552,0.4,0.8131849092830595
531,39.60012686273225,24.360116267204283,0.13333333333333333,0.6151524804868651
532,40.48965972299631,29.503295834859212,0.3333333333333333,0.7286624791786696
533,40.23746415216035,23.377100642522176,0,0.5809784770262929
534,39.9804650225072,24.743925642967223,0.3333333333333333,0.6189003962069354
535,40.874556962756394,35.89064993858337,0.7333333333333333,0.8780682313275175
536,39.73947558557462,30.805366555849712,0.6,0.7751830164319538
537,40.317448477739624,30.47997194925944,0.06666666666666667,0.7559995262618932
538,40.923528851285866,27.01178514957428,0.6,0.660055129843123
539,39.059463953830594,27.017100524902343,0.4,0.6916915336277356
540,40.38923256589159,23.780966567993165,0,0.5887947122836896
541,39.07648465269232,28.65989530881246,0.2,0.7334307464844545
542,40.119972923535755,23.934281690915427,0.13333333333333333,0.5965677428679109
543,40.76517837383172,32.06924934387207,0.7333333333333333,0.78668242414605
544,37.49955370369811,24.480580234527586,0.4,0.6528232423233713
545,38.07794728412191,22.215396022796632,0,0.5834189500036471
546,40.63291630253561,34.85360960960388,0.6,0.8577678587010235
547,39.174561468168015,23.65089012781779,0.4666666666666667,0.6037308202425122
548,39.443435688675905,28.282687362035116,0.26666666666666666,0.7170442145371985
549,39.85709403964221,31.04000631173452,0.5333333333333333,0.7787824742280974
550,40.13398878227395,29.77991663614909,0.4666666666666667,0.7420123825145941
551,39.92580992667449,19.062672861417134,0,0.47745237720728956
552,39.8624185387395,18.458355863889057,0.06666666666666667,0.46305157942061825
553,39.75698328365551,24.366122086842854,0.4,0.6128765332368669
554,40.97017435645782,35.19450546105703,0.7333333333333333,0.8590274758132579
555,39.276379532045695,25.790720502535503,0.3333333333333333,0.6566470945086166
556,37.8243342677558,27.667323509852093,0.5333333333333333,0.7314688822808368
557,40.40228015504121,15.72184628645579,0,0.38913264860607355
558,39.07615205104851,18.073906938234966,0.26666666666666666,0.4625303667214592
559,39.609465829819726,30.046237579981486,0.6,0.7585620495129569
560,38.90112983420598,30.664753158887226,0.4,0.7882741012813345
561,39.35910274659254,35.25553713639577,0.8,0.8957403669332369
562,40.77492845116664,32.43866359392802,0.3333333333333333,0.7955541511931187
563,40.10343199688659,21.54371195634206,0,0.5372036976290357
564,39.084258814899584,34.515787927309674,0.8,0.8831122547513084
565,38.143863044887766,16.78340265750885,0,0.44000269814722526
566,38.55947011614797,25.91249317328135,0.26666666666666666,0.6720137256873168
567,39.08413246745249,24.935211110115052,0,0.6379880922489446
568,40.59986577905447,33.002380768458046,0.7333333333333333,0.81286920868305
569,39.52337522910601,28.37463548183441,0.6,0.7179203526357388
570,40.007736801246885,27.243818060557047,0.26666666666666666,0.6809637394862077
571,40.36464785251174,31.10814487139384,0.6,0.7706779701153295
572,37.40610693973906,30.149340677261353,0.7333333333333333,0.8060004941394115
573,38.5275156579774,33.60295817057292,0.7333333333333333,0.8721807673476393
574,39.72130224085085,26.82008752822876,0,0.6752066527326991
575,39.34968833853917,20.80386354923248,0,0.5286919522779837
576,39.12487470329803,32.72508924802144,0.4666666666666667,0.8364266849719234
577,40.306265457452554,18.8197158575058,0,0.4669178760153793
578,40.76945492362881,28.56862746079763,0.5333333333333333,0.7007360661140474
579,39.472865053926604,27.25251378218333,0,0.6904113432088547
580,40.43636698515479,26.872583031654358,0.26666666666666666,0.6645647231740666
581,38.997988153478246,21.291350237528484,0,0.5459602211718068
582,39.059376892524114,29.154195380210876,0.4,0.7464070781372585
583,40.866625718497865,32.32204201221466,0.7333333333333333,0.7909153604914441
584,40.2765772951007,25.74471205075582,0.4666666666666667,0.6391981091672216
585,40.21312808790773,29.024762320518494,0.6666666666666666,0.721773303908839
586,40.058823654723156,29.989389729499816,0.5333333333333333,0.7486338088203921
587,41.20444194266008,35.94165267149607,0.8666666666666667,0.8722761667664937
588,39.39827028072254,18.19446276028951,0.06666666666666667,0.46180866902656914
589,40.139054716347644,29.13384617169698,0.6666666666666666,0.7258229267624353
590,39.803473378296275,32.098873964945476,0.5333333333333333,0.806433992829583
591,40.15724840515911,36.301768684387206,0.3333333333333333,0.9039904407325732
592,39.356609319916124,28.42497584025065,0.6,0.7222414819628885
593,40.27548044517112,22.668080186843873,0.4,0.5628258170055347
594,39.2976629152756,25.16278504530589,0.26666666666666666,0.6403125066128228
595,40.031290275683546,26.82879742781321,0.3333333333333333,0.6701956705130235
596,40.03701859403709,24.048316216468812,0.26666666666666666,0.6006520230767244
597,40.523820194697066,22.078284120559694,0.2,0.5448223788992345
598,39.38027892125407,30.41105446815491,0.06666666666666667,0.7722407078163597
599,40.176133816289735,32.80949168205261,0.7333333333333333,0.816641338165539
600,40.35094893667649,22.89096732934316,0.06666666666666667,0.5672968773365501
601,38.66704642507033,33.61315242449442,0.6,0.869297128489774
602,39.71660298951645,33.64524898529053,0.8,0.8471330993280439
603,38.27914365421684,28.464125061035155,0.06666666666666667,0.7435935693378434
604,40.431111704740076,35.36593733628591,0.8,0.8747208732363316
605,39.762945465097104,21.008738732337953,0.06666666666666667,0.5283496603836576
606,37.933263493925864,28.484870211283365,0.4,0.7509206323849399
607,40.16380954115038,33.198013639450075,0.8,0.826565358682836
608,39.66514517879745,27.369448749224343,0.6666666666666666,0.69001256962131
609,38.52630117865639,32.00530481338501,0.6,0.8307391011913695
610,39.43386162826747,26.495718987782798,0.4,0.6719027225269211
611,40.66049221816984,25.995583136876423,0.2,0.6393327212418705
612,39.88335705988308,29.074114990234374,0.5333333333333333,0.7289786300230667
613,40.38445937423784,37.50636229515076,0.9333333333333333,0.9287325589178721
614,40.01026577370011,34.46897586186727,0.2,0.8615032965995619
615,40.267445773398364,30.804597528775535,0.6666666666666666,0.7650000375520661
616,39.88072803700174,21.223983883857727,0.2,0.5321864702210527
617,40.14610392295628,30.33892143567403,0.13333333333333333,0.755712721062471
618,41.64362271402105,34.648097427686054,0.8,0.8320144879235095
619,39.59602448148705,33.33118683497111,0.3333333333333333,0.8417811452398452
620,40.262509229667195,22.789189195632936,0.2,0.5660151250295363
621,39.58710031142131,29.960927788416544,0.7333333333333333,0.7568356245524881
622,38.70230588582094,22.707167490323386,0.06666666666666667,0.5867135554484476
623,40.316343387498435,28.791311248143515,0.6,0.7141349842027419
624,40.52071028542516,31.87403170267741,0.5333333333333333,0.7866108831301049
625,40.285430384956534,36.51569258371989,0.7333333333333333,0.9064242887511921
626,38.574989631954395,19.810313542683918,0,0.513553308288478
627,39.78785796905462,26.44451318581899,0.2,0.6646377698037039
628,38.73220439104595,31.299114680290224,0.8,0.808090197095157
629,41.05998742662631,33.03418757915497,0.7333333333333333,0.8045347709418239
630,37.80619374532239,36.42308890024821,0.8666666666666667,0.9634159192435153
631,41.63679586559366,41.3711654663086,1,0.9936202968128831
632,41.27748841058703,33.56309801737468,0.6666666666666666,0.813109016796823
633,40.09582450781564,37.9080934047699,0.8666666666666667,0.9454374332015719
634,38.68899276611845,35.0744519551595,0.4,0.9065744401047227
635,40.331393898575584,33.85359036127726,0.6666666666666666,0.8393855775580545
636,38.463408416157705,35.57098782857259,0.5333333333333333,0.924800720823013
637,40.01617847552266,34.609644818305966,0.8,0.8648913048875021
638,39.3294972628882,33.58804912567139,0.8,0.8540167422217596
639,39.69385751305966,35.37266591389974,0.6666666666666666,0.8911370204385348
640,38.26174094669879,35.896937433878584,0.6666666666666666,0.9381940430751822
641,38.7661883667461,39.34640833536784,1,1.0149671657974881
642,38.99536482734818,27.86063725153605,0.13333333333333333,0.7144602281550361
643,41.44487920872166,31.92277847925822,0.7333333333333333,0.7702466285036341
644,39.844166870389415,20.680023606618246,0.06666666666666667,0.519022613118981
645,38.71455725342796,29.87510045369466,0.5333333333333333,0.7716761490550014
646,39.776651621713555,27.13705441157023,0.06666666666666667,0.6822357665911845
647,40.7246846974957,32.67551641464233,0.6666666666666666,0.8023516119856334
648,39.373885474542675,23.474831263224285,0,0.5962030665833582
649,39.82989998538901,34.30511417388916,0.6,0.8612904924811126
650,38.79793513508407,27.588341395060223,0.3333333333333333,0.7110775689222886
651,39.083684601505375,30.880732758839926,0,0.7901182571115749
652,40.24203932237403,36.35472660064697,0.4,0.9034016966539326
653,39.4740245149372,38.84022407531738,0.9333333333333333,0.9839438606169993
654,40.40582520980021,24.30774345397949,0.3333333333333333,0.6015900758805386
655,39.88526246512908,38.36260379155477,0.7333333333333333,0.961824027736923
656,39.321018451372474,32.60664734840393,0.7333333333333333,0.8292421873235031
657,37.66175067907674,26.87443402608236,0.26666666666666666,0.7135736799673693
658,40.08804080050545,36.723964850107826,0.8666666666666667,0.9160828046663929
659,39.153442845281255,16.73038376967112,0.06666666666666667,0.42730300463698445
660,40.26674204655519,31.563173739115395,0.3333333333333333,0.7838521850767814
661,40.39327828600367,35.63923168182373,0.6666666666666666,0.8823059972869985
662,40.04559464356903,28.190342140197753,0.06666666666666667,0.7039561377751915
663,39.28634478087231,24.836747233072916,0.13333333333333333,0.6321979652626121
664,38.34669452383792,30.528440284729005,0.4666666666666667,0.7961166057155524
665,39.932775728076486,31.15845317840576,0.4,0.7802726609985804
666,40.367996952588335,28.330813495318093,0.4,0.7018137047669779
667,39.18919297207637,37.26300201416016,0.8666666666666667,0.9508489251287034
668,39.84833758569018,35.465141169230144,0.2,0.8900030294354343
669,40.66924498858987,28.19226902325948,0.4666666666666667,0.6932085666003656
670,40.311856739332526,31.76500701904297,0.7333333333333333,0.7879817400732538
671,40.23688508301794,34.012656418482464,0.4666666666666667,0.8453103750030982
672,39.469499768620345,34.82827729384105,0.7333333333333333,0.8824098987322552
673,38.36393149794719,29.137724868456523,0.6666666666666666,0.7595083123849193
674,41.32958497619314,34.9178900718689,0.7333333333333333,0.8448642804417819
675,40.94730346813046,34.31522831122081,0.8,0.8380338973463433
676,40.60008998599846,26.947191556294758,0.4666666666666667,0.6637224588809506
677,39.56668549862219,27.418067948023477,0.2,0.6929584220285078
678,40.436650905866685,19.724142122268677,0.26666666666666666,0.48777882639650144
679,40.8532272897585,39.40179227193197,0.8,0.9644719618469312
680,40.34379544815565,33.95250544548035,0.5333333333333333,0.8415793573292201
681,40.259214190211146,33.22886587778727,0.7333333333333333,0.8253729375042478
682,39.49417895146634,27.48302581310272,0.06666666666666667,0.6958753553751833
683,39.56284610619063,32.29477864901225,0.6666666666666666,0.8162905813785449
684,40.17446984622146,32.41571698188782,0.6,0.8068735469557571
685,39.49503962076284,27.78031439781189,0.13333333333333333,0.7033874295243793
686,39.91576709829629,35.08971793651581,0.8,0.8790941647220286
687,40.686266417973386,38.889321676890056,0.8666666666666667,0.9558341204714346
688,40.12287403671754,24.872069517771404,0,0.6198975052238355
689,41.08624923060319,34.11822803815206,0.7333333333333333,0.8304050303218972
690,41.572018928972255,36.192436933517456,0.8666666666666667,0.8705960852022591
691,39.05339137426575,33.31874828338623,0.6666666666666666,0.8531588963447009
692,41.03874770593802,36.05008420944214,0.8666666666666667,0.8784401626423397
693,40.04522523738157,42.39065170288086,1,1.0585694412154254
694,37.73459339509016,30.31141602198283,0.13333333333333333,0.8032792537239001
695,39.95279152885821,32.30625940958659,0.26666666666666666,0.8086108172504425
696,39.89408607815584,24.410744667053223,0.13333333333333333,0.6118888052537547
697,40.492129885406065,24.940900818506876,0.4,0.6159444042358445
698,38.5938322441474,29.034491006533305,0.3333333333333333,0.7523090949574273
699,40.478301393954794,40.336840565999346,1,0.996505267684563
700,40.46093114156676,39.38497536977132,0.8,0.9734075380511923
701,39.16230480378389,35.38580350081126,0.8666666666666667,0.9035679508166296
702,40.32026335018992,32.965830357869464,0.5333333333333333,0.8175995794361345
703,40.052578881748396,33.357354482014976,0.06666666666666667,0.8328391183124447
704,38.677170847936296,37.55113322734833,0.9333333333333333,0.9708862464368164
705,40.5245851618277,33.13991579214732,0.6666666666666666,0.8177731039024577
706,39.19055509931195,37.59246877034505,0,0.9592226666624848
707,40.100286091777875,35.62797577381134,0.6,0.8884718600827257
708,39.736215315084536,25.66683739821116,0,0.6459305999499051
709,39.42354828050904,31.439236068725585,0.2,0.7974735263560513
710,39.71044479017718,33.33437976837158,0,0.8394360714039953
711,40.19235668935962,20.200737539927164,0,0.5026014696290511
712,39.57726906602537,32.6993745803833,0.4,0.8262160414815908
713,38.65302129720203,14.697525993982952,0,0.38024261754272903
714,40.00609364394122,35.70031228860219,0.8666666666666667,0.8923718623052534
715,39.30355357479193,27.044177373250324,0.13333333333333333,0.6880847891218573
716,40.159330903933636,38.71081199645996,0.9333333333333333,0.9639307011628574
717,39.35620141394345,20.516758060455324,0,0.5213094080056839
718,39.35915103694413,30.46926482518514,0.13333333333333333,0.7741341980823069
719,40.01085937240847,32.963692824045815,0.6666666666666666,0.8238686531881295
720,40.674398606398306,39.16363945007324,0.8,0.9628572466198083
721,38.53712360888049,24.96841335296631,0.26666666666666666,0.6479054743777657
722,38.21453903925553,32.72261946996053,0.4666666666666667,0.8562871695599029
723,39.366873185192674,17.386114382743834,0,0.4416432644003687
724,38.00855447812632,28.829825782775877,0.5333333333333333,0.7585088719795239
725,40.53149493630311,37.720045280456546,0.8666666666666667,0.9306354315264
726,38.85416521899224,39.48789621988932,0.8666666666666667,1.016310503579866
727,39.12589958054037,36.944002596537274,0.7333333333333333,0.9442339471451212
728,40.02044348608945,41.83516896565755,1,1.0453449617618276
729,39.540833288612376,23.875623257954917,0,0.6038219549821934
730,41.65042213888099,37.63694349924723,0.8666666666666667,0.9036389444925422
731,38.65748059850701,39.47019755045573,1,1.021023536437605
732,38.85987433139712,18.50911532243093,0,0.4763040447476783
733,40.65226465121325,36.91658382415771,0.5333333333333333,0.9081064521470872
734,40.458982312365606,26.759831833839417,0,0.6614064493080619
735,39.97797668223161,35.579882780710854,0.8666666666666667,0.8899870812252609
736,39.08265776269141,37.72986237208048,0.9333333333333333,0.9653863000099672
737,39.51592698366459,24.569773546854655,0.13333333333333333,0.6217688770659867
738,39.21167939838012,35.91124102274577,0.8,0.9158302213454623
739,38.370629878007634,31.321205067634583,0.8,0.816280711763518
740,39.166259053948764,26.793596053123473,0.06666666666666667,0.6840989336310415
741,40.63401671646062,30.02336875597636,0.26666666666666666,0.7388727766067501
742,40.36584923361342,34.73238863945007,0.8,0.8604399337281314
743,39.669581223568976,32.02744490305583,0.3333333333333333,0.8073552559719812
744,39.99836111139994,29.284350379308066,0.3333333333333333,0.7321387568292574
745,40.04780654930886,38.71061058044434,0.8666666666666667,0.9666100072867138
746,38.16908241800736,35.11821286678314,0.8666666666666667,0.9200696124205258
747,39.250167508538375,27.025014249483743,0.4666666666666667,0.6885324564183017
748,40.19391928369418,33.53426907857259,0.5333333333333333,0.8343119973417654
749,39.397739722465715,33.45380755265554,0.6666666666666666,0.849130122395809
750,40.33301837125763,37.20797529220581,0.7333333333333333,0.922518988033913
751,40.32786307389854,26.12799804210663,0.3333333333333333,0.6478894751806844
752,39.63143992845342,25.78780959447225,0.06666666666666667,0.6506907051832319
753,38.75468294877275,24.5786030292511,0.2,0.6342098853379842
754,38.223001519458236,27.68607970078786,0.26666666666666666,0.7243303403761652
755,39.15907632889367,28.059341645240785,0.4666666666666667,0.7165475868116199
756,38.5219703857943,18.134408593177795,0.06666666666666667,0.47075495909381626
757,40.624696484568574,32.716274539629616,0.7333333333333333,0.8053296977137294
758,40.25514974813024,35.137615823745726,0.6,0.8728725652145359
759,40.44085903010339,18.19660194714864,0,0.4499558709572278
760,38.154495720308006,31.82925287882487,0.6,0.8342202479138918
761,40.43909730731549,38.20852826436361,0.8,0.9448412751154964
762,40.06277331468431,24.55194811820984,0.2,0.6128369577752311
763,37.57200878886308,25.655577778816223,0,0.6828375326692921
764,39.80610838815597,21.96895187695821,0.13333333333333333,0.5518990116475421
765,39.50844051618251,28.465342847506204,0,0.7204876344295823
766,39.14948460760044,32.06030983924866,0.5333333333333333,0.8189203551615722
767,40.083333337717185,24.12726325194041,0,0.601927565471143
768,38.30649674212028,31.297315883636475,0.5333333333333333,0.8170237047342209
769,40.364549160415194,31.594914786020915,0.4666666666666667,0.7827391967257619
770,40.77031237501865,35.42054349581401,0.7333333333333333,0.8687827350942098
771,41.01594886455631,34.297336133321124,0.8,0.8361951163577486
772,39.87065858088975,22.619972761472066,0,0.5673338130490264
773,41.038727185172135,33.9345815261205,0.8,0.8268916668151819
774,40.093241120376064,32.781710131963095,0.8,0.8176368189725344
775,39.36428797955065,33.40541576544444,0.6666666666666666,0.8486223803361619
776,38.77516313067099,31.838257932662962,0.4,0.8210992646341451
777,40.620703447502805,21.37572151819865,0,0.5262272610769556
778,40.77747509035784,35.13431533177694,0.6666666666666666,0.8616108587872016
779,40.483469070470186,26.143706997235615,0.6,0.6457872212415114
780,38.57672842183045,34.51062037150065,0.8666666666666667,0.8945968666428228
781,41.129560403763314,36.54587767918905,0.8,0.8885550275865612
782,39.55316910957817,26.917327785491942,0.6,0.6805352994830864
783,39.8085644226423,34.821397972106936,0.8,0.8747212685796134
784,39.02016493474311,23.972853978474934,0,0.6143709033154234
785,40.23140983239852,17.182834887504576,0.13333333333333333,0.42709999373840407
786,40.15498009369359,30.554930257797242,0.5333333333333333,0.7609250505542138
787,40.75833684337795,40.19765065511068,1,0.9862436440814104
788,40.57332739032274,21.863580592473348,0.26666666666666666,0.5388658510095007
789,39.05999261432883,31.95266066392263,0.7333333333333333,0.8180406222657878
790,40.069522314602345,30.344249192873637,0.4,0.7572900159534826
791,40.125158894925995,32.96258225440979,0.2,0.821494123941726
792,38.95918840282764,32.4249497572581,0.6,0.8322799084517045
793,39.39038859559764,32.76929024060567,0.4666666666666667,0.8319108140067458
794,39.216256927575444,30.949920018513996,0.5333333333333333,0.7892114761404253
795,40.573092938842514,21.26809706687927,0,0.5241921560906768
796,37.8424845379371,30.59124692281087,0.4666666666666667,0.8083836803089167
797,38.72828107708995,33.510454940795896,0.5333333333333333,0.865270908205097
798,37.51329178679703,37.72526531219482,0.9333333333333333,1.00565062449338
799,39.64533140026803,33.10147500038147,0.4666666666666667,0.8349400504735769
800,39.639355394215066,24.015266426404317,0.06666666666666667,0.6058440201050566
801,40.397290491585025,34.8583875020345,0,0.8628892452402395
802,39.213629072736985,36.656220245361325,0.8666666666666667,0.9347826536882892
803,40.43879841113499,33.2583261013031,0.6666666666666666,0.8224360616052647
804,40.23220364920457,35.35215272903442,0.8666666666666667,0.8787028679134599
805,39.62808372348751,36.88610814412435,0.5333333333333333,0.9308072628872036
806,40.50423349597164,34.50827830632527,0.6,0.8519671976944658
807,40.11173995250061,25.36508317788442,0.13333333333333333,0.6323605809152423
808,39.60053279339925,34.02981006304423,0.7333333333333333,0.8593270762436921
809,39.953793516682445,33.77052244345347,0.7333333333333333,0.8452394496495761
810,39.52437387758192,25.803445943196614,0,0.6528489489325531
811,41.35574340822516,31.58219114939372,0.7333333333333333,0.7636712230667434
812,40.34838451284794,36.70102335611979,0.4,0.909603291413892
813,40.03199851084542,29.277975296974184,0.2,0.7313643181976596
814,39.50152584710216,33.768532276153564,0.6666666666666666,0.8548665286212186
815,40.89690263087894,36.21506017049153,0.6,0.8855208546563031
816,40.66473790344107,30.284487787882487,0.3333333333333333,0.7447358411553858
817,39.18895023659774,27.813067213694254,0.26666666666666666,0.7097170770274988
818,38.88702546275905,18.35371257464091,0,0.471975224544179
819,39.396049027065395,34.49005419413249,0.7333333333333333,0.8754698769523196
820,39.72463020696238,31.57341332435608,0.6666666666666666,0.7948069789413
821,39.214997620572895,34.519786516825356,0.5333333333333333,0.8802700143150245
822,39.213412373241326,39.63843536376953,0.6666666666666666,1.0108387147357325
823,40.06026283260552,30.905809911092124,0.06666666666666667,0.7714829540743183
824,38.29913367593699,27.49500230153402,0,0.7179014161045864
825,41.82060504196597,39.221914990743,0.9333333333333333,0.9378610125650921
826,40.8524244472871,37.90917907555898,0.8,0.9279542056181791
827,40.19215219376932,34.34979756673177,0.7333333333333333,0.8546394181911154
828,39.824820729205044,39.5815798441569,0.7333333333333333,0.9938922290020563
829,40.676707604562544,37.6505376180013,0.2,0.9256043528404494
830,37.9334589727129,30.55031762123108,0.6,0.8053659868773682
831,40.94164025372824,34.179423030217485,0.7333333333333333,0.8348327721702609
832,39.76956291273791,23.91122557322184,0.2,0.6012443643317801
833,38.78050420299663,35.9193832397461,0.7333333333333333,0.9262226981816948
834,38.90835945140389,34.01476945877075,0.8666666666666667,0.8742277993307537
835,40.02355938645664,35.71453879674276,0.8666666666666667,0.8923378965846803
836,38.74370237613586,34.38094946543376,0.6666666666666666,0.8873945275454796
837,39.54258238361955,36.839706611633304,0.8666666666666667,0.9316464527843809
838,40.535717100251105,29.898345883687337,0.06666666666666667,0.7375802877680466
839,39.19751120206911,20.961620998382568,0,0.5347691819085716
840,40.30984394206431,28.077851804097495,0.3333333333333333,0.6965507443901952
841,38.31681155109561,33.417975362141924,0.3333333333333333,0.8721491692381275
842,40.40340807680762,33.91874219576518,0.6666666666666666,0.8395020076347278
843,39.81760533482299,31.315922419230144,0.26666666666666666,0.7864843241048052
844,40.47711560954071,35.81013326644897,0.5333333333333333,0.884700718595875
845,39.45840045174807,29.993430137634277,0.06666666666666667,0.7601278763013193
846,38.92696920802143,36.43702618281046,0.8,0.9360355281731545
847,39.798621515487675,37.82162361145019,0.8666666666666667,0.9503249653190091
848,39.0319231631594,27.58937152226766,0.06666666666666667,0.7068412029543067
849,40.187125888883315,29.097603193918864,0.13333333333333333,0.7240528540003885
850,39.83487509512916,18.037597211201987,0,0.45280918210805554
851,39.29974548226008,18.101108042399087,0,0.46059097381610103
852,38.74343256377818,32.30138142903646,0.06666666666666667,0.8337253385038349
853,39.66354724459718,34.214577380816145,0.6666666666666666,0.8626202081680105
854,38.450327907941016,27.12425353527069,0.13333333333333333,0.7054362085080894
855,40.0678206932627,31.462804746627807,0.06666666666666667,0.7852387327848404
856,40.98660340014957,27.885959164301553,0.6,0.6803676531097913
857,40.26798574345452,38.64885142644246,0.8666666666666667,0.9597910278570305
858,40.259158288466715,36.474367427825925,0.06666666666666667,0.9059893196593471
859,39.05514323349101,19.695464897155762,0,0.5042988775999747
860,39.71284530835641,32.210872546831766,0.6666666666666666,0.811094553833289
861,38.368142789462965,20.921433774630227,0.06666666666666667,0.5452813780805642
862,40.64930435227572,36.8622843503952,0.8666666666666667,0.9068367820255574
863,41.29826547100744,36.69226926167806,0.6666666666666666,0.8884699839860605
864,38.57482213941023,35.22596968015035,0.8666666666666667,0.9131855372616611
865,40.37375647878915,34.36926012039184,0.7333333333333333,0.8512772433857662
866,38.43412535909754,30.778284104665122,0.6,0.8008061538306804
867,40.11499293653935,34.001148509979245,0.7333333333333333,0.8475920353212572
868,40.48439430951859,30.965993372599282,0.4666666666666667,0.7648871596263115
869,39.26585600438094,31.96075398127238,0.2,0.8139579072898978
870,39.84269098081976,32.630321153004964,0,0.8189788478070714
871,40.388048810157585,33.95494893391927,0.6666666666666666,0.8407177354252282
872,40.02328783130036,31.558941332499185,0.2,0.7885144635173725
873,39.42730707291895,32.82568227450053,0.8,0.8325621177675405
874,40.99476761639909,32.107535338401796,0.7333333333333333,0.7832105706475052
875,39.0684604724907,28.937208644549052,0.26666666666666666,0.7406795224225594
876,40.080880842150975,33.916929348309836,0.6,0.8462121748741901
877,40.49426416865369,38.01866941452026,0.8666666666666667,0.9388655454060634
878,40.49086793552416,25.301511867841086,0.13333333333333333,0.6248695856095275
879,40.07110336102649,32.11994454065959,0.6666666666666666,0.801573748825188
880,39.74504819987043,30.22131008307139,0.2,0.7603792535637159
881,40.28261141731816,24.25059808095296,0.06666666666666667,0.6020115684587228
882,39.94589714196455,15.081985274950663,0,0.37756030916893624
883,38.535955351474215,29.59477005004883,0.4666666666666667,0.7679781072020747
884,40.63700127860452,30.40106662114461,0.4666666666666667,0.7481129429978596
885,39.37952109019502,28.912257266044616,0.13333333333333333,0.7341952483328545
886,39.12810237198407,21.367097822825112,0,0.5460806051796693
887,39.819986312238015,29.39803879261017,0.6,0.738273452986476
888,40.803623602782714,38.10291579564412,0.8,0.9338120595996673
889,40.83527392823604,37.06803398132324,0.7333333333333333,0.9077454469012904
890,38.93257579402327,31.155484199523926,0.6,0.8002420483133499
891,40.94124047083448,25.685012690226237,0,0.6273628350006542
892,39.11795681996863,28.564787817001342,0.06666666666666667,0.7302218760674077
893,39.687208718033396,29.610652168591816,0,0.7461006486741681
894,39.43938238140481,28.466798679033914,0.6,0.7217861173316867
895,40.66779569134468,33.998592440287275,0.7333333333333333,0.8360077516451965
896,39.2975102407684,16.34750051498413,0,0.4159932885016402
897,40.295677109136605,37.269445991516115,0.8,0.9248993605585963
898,39.10965533651486,32.35081669489543,0.5333333333333333,0.827182352197591
899,39.22842291648571,27.134786144892374,0.3333333333333333,0.6917123893219016
900,38.96229655926819,31.695166913668313,0.6,0.8134830262239456
901,39.471635317771735,32.67439026832581,0.6,0.8277941870225597
902,39.98537952285321,30.836722103754678,0.5333333333333333,0.7711999353696339
903,39.66821083412038,22.996884473164876,0.06666666666666667,0.5797308219755715
904,40.27340235400915,35.342229175567624,0.8666666666666667,0.8775575717418711
905,39.24070012328989,32.83770751953125,0,0.8368277685249969
906,39.80950566769969,25.306975611050923,0.4,0.6357018301682729
907,40.23333116188288,20.94767729441325,0.13333333333333333,0.5206548075805145
908,40.059067227947494,18.107292008399963,0,0.45201481865177534
909,41.18697362788863,39.12948147455851,0.9333333333333333,0.9500450756125247
910,37.65167587223212,36.715078830718994,0.9333333333333333,0.9751246918014649
911,40.22450437515223,31.902368442217508,0.6,0.7931078067409196
912,39.40716222974404,28.14788912932078,0.4666666666666667,0.7142835854360278
913,40.535590760947144,25.73223737080892,0,0.6348060281780797
914,39.449485714877596,24.736676176389057,0.5333333333333333,0.6270468607670621
915,39.44948241719785,30.603673632939657,0.6,0.7757686985418624
916,39.76833680602293,30.987994559605916,0.3333333333333333,0.7792127367748699
917,38.58240085078861,31.893076388041177,0.7333333333333333,0.8266223896066669
918,40.2965066587489,43.382781728108725,1,1.0765891469326598
919,39.808077071068325,26.572243372599285,0.06666666666666667,0.6675088406094208
920,38.75734450381472,30.907467238108318,0.13333333333333333,0.7974609105395811
921,38.80811385967675,32.72100048065185,0.2,0.8431484353752717
922,39.738133441592005,34.225506011645,0.7333333333333333,0.8612761357286802
923,38.107026641486634,20.88107485771179,0,0.5479586495730115
924,40.72589687038995,27.461053085327148,0.3333333333333333,0.6742897074242924
925,38.84052818550938,21.521103930473327,0.06666666666666667,0.5540888586191374
926,38.00616805689346,22.517054303487143,0.2,0.5924578944601877
927,39.82935634911422,24.5671528339386,0.26666666666666666,0.6168101894140943
928,38.407145805428435,27.259824164708455,0.4,0.709759176138925
929,37.902480726943615,23.89184571901957,0.4,0.6303504483292475
930,40.48278542337311,31.108549110094707,0.6666666666666666,0.768438949661154
931,38.28054196308889,31.22810894648234,0.5333333333333333,0.8157697708823795
932,40.595386920089716,33.205632917086284,0.4666666666666667,0.8179656713815822
933,40.716729113150144,37.02562141418457,0.8666666666666667,0.9093466548182656
934,40.86127746635664,34.642688767115274,0.7333333333333333,0.8478121809979761
935,38.843303338760066,36.327547518412274,0.8,0.9352332164335408
936,40.36977847284555,32.744142357508345,0.13333333333333333,0.8111053267119972
937,39.33661820054756,24.24591427644094,0.5333333333333333,0.6163700741337098
938,38.98291654280469,22.77541015148163,0,0.5842407949767787
939,40.612112399313965,30.088121271133424,0.6,0.7408657046768561
940,40.47490187853177,27.41960481007894,0.06666666666666667,0.6774470977685688
941,38.607914644340624,23.556347592671713,0.06666666666666667,0.610142967048979
942,38.713480880019006,32.41715573469798,0.8,0.8373609140228276
943,39.976727137133665,35.86297021706899,0.6,0.8970962053508508
944,40.247811914671026,32.74411731561025,0.7333333333333333,0.8135626698174478
945,39.10309598500824,22.764170734087624,0.13333333333333333,0.5821577591404833
946,39.618064189008976,24.38227655092875,0.13333333333333333,0.6154333143236461
947,40.98346337848697,33.938795216878255,0.5333333333333333,0.8281094963461141
948,41.621757937657186,32.96661427815755,0.7333333333333333,0.792052424300202
949,40.08995559854078,37.333505884806314,0.8666666666666667,0.9312433832220358
950,38.61402946188026,22.731731144587197,0.13333333333333333,0.5886909877413323
951,40.841525878706065,26.888351011276246,0.2,0.6583581399757467
952,39.95990180236377,40.38335164388021,1,1.0105968689215197
953,40.237733670958896,35.67719291051229,0.8666666666666667,0.8866600987585411
954,40.19797826763329,33.46793212890625,0.7333333333333333,0.8325774969596927
955,39.28971554615754,28.941688712437948,0,0.7366225056640399
956,39.47532493496386,26.481423759460448,0.3333333333333333,0.6708348519762398
957,40.71013403441005,23.225022625923156,0.3333333333333333,0.5704973264468329
958,39.986167418647156,29.54601707458496,0,0.7389059512817041
959,40.50438749279671,25.89059699376424,0.06666666666666667,0.639204752778168
960,40.30518811630192,38.099559060732524,0.9333333333333333,0.9452767954039817
961,39.89321082401591,25.72742328643799,0,0.6449073101669208
962,39.972980361074704,24.752539078394573,0.26666666666666666,0.6192317624256597
963,39.63125301273642,31.450462325414023,0.7333333333333333,0.7935772889973145
964,39.548194250166695,34.45756429036458,0.6666666666666666,0.8712803439873703
965,39.5336757477818,35.950657391548155,0.8666666666666667,0.909367942938251
966,40.00373669490487,26.420046997070312,0,0.6604394784059093
967,40.2012223714518,34.745165761311846,0.6666666666666666,0.8642813255844062
968,39.18257650854547,31.27649505138397,0.5333333333333333,0.7982245640370986
969,40.57954575294804,32.683250935872394,0.13333333333333333,0.8054119465715804
970,39.817049641857544,35.58394325574239,0.6,0.8936860861316778
971,39.51642145157211,31.675569915771483,0.13333333333333333,0.8015799192391525
972,41.01594909457686,30.140956441561382,0.6666666666666666,0.7348594170540997
973,41.274740523940174,38.86185369491577,0.8666666666666667,0.9415408359108913
974,39.53767531635536,27.16975819269816,0.26666666666666666,0.6871865372787604
975,40.44185733517054,37.705442126592,0.6666666666666666,0.9323370540106525
976,38.68115043627245,37.619651873906456,0.9333333333333333,0.9725577303054926
977,40.39417559308212,32.742565019925436,0.2,0.8105763897687495
978,37.914184480545686,31.032610138257343,0.4,0.8184960474141445
979,40.45024576177484,30.721906073888142,0.7333333333333333,0.7594986259124314
980,40.36009766308375,36.83742758433024,0.8,0.9127189902224743
981,41.22597317471398,40.65212682088216,0.9333333333333333,0.9860804655502035
982,39.63992315306084,36.19229351679484,0.7333333333333333,0.9130263289625024
983,40.6255769448734,34.872666422526045,0.2,0.858391905913023
984,39.78968811118217,33.89386510848999,0.6666666666666666,0.8518253526838963
985,39.97653751879368,23.680745983123778,0.06666666666666667,0.592366109045613
986,39.27858018075467,31.9035360733668,0.7333333333333333,0.8122375077345229
987,40.678782892044964,29.241780654589334,0.6666666666666666,0.7188460070743115
988,39.21128368313465,35.29279520511627,0.8666666666666667,0.9000673247608116
989,40.40610962579572,35.379385550816856,0.8666666666666667,0.8755949503297455
990,39.36194474042908,32.631130377451576,0.6666666666666666,0.8290019863763436
991,40.209135390494225,29.374173466364542,0.4,0.730534819540259
992,40.568148363374796,38.23107646306356,0.9333333333333333,0.9423914574710744
993,39.56190526864571,22.72271166642507,0.13333333333333333,0.5743583761228424
994,38.47296204086066,31.072235004107156,0.6666666666666666,0.8076382310025032
995,38.8391615677569,32.337319644292194,0.8,0.8325957188308014
996,38.886193645863834,19.238611237208048,0,0.4947414347728112
997,40.775727470588976,32.55753702322642,0.6666666666666666,0.7984538607363847
998,41.31316074510236,41.395580212275185,0.9333333333333333,1.0019949930164227
999,40.127745193878546,34.979105122884114,0.8,0.8716937608600084
